{"name": "open_drawer_19179_0", "scene": {"actions": [[0.44039589166641235, 0.013095996342599392, 0.6972960829734802, 0.5011772513389587, -0.5208063125610352, 0.47098344564437866, -0.505723774433136], "GRASP",[0.400395929813385, 0.013095996342599392, 0.6972960829734802, 0.5011772513389587, -0.5208063125610352, 0.47098344564437866, -0.505723774433136], [0.36039596796035767, 0.013095996342599392, 0.6972960829734802, 0.5011772513389587, -0.5208063125610352, 0.47098344564437866, -0.505723774433136]], "robot_state": {"franka_pos": [0.0, 0.0, 0.0], "franka_quat": [0.0, 0.0, 0.0, 1.0], "gripper_pos": [0.33517152070999146, -0.0161286611109972, 0.7518033385276794], "gripper_quat": [0.5011772513389587, -0.5208063125610352, 0.47098344564437866, -0.505723774433136]}, "observations": {"object_pos": [0.699999988079071, 0.0, 0.6000000238418579], "object_quat": [0.0, 0.0, 0.0, 1.0], "object_scale": 0.4, "handle_origin": [-0.03274, 0.24324, 0.64901], "handle_pos": [0.44039589166641235, 0.013095996342599392, 0.6972960829734802], "joint_pos": [0.6999999284744263, -8.149072527885437e-09, 0.6000000834465027], "joint_quat": [0.5, -0.5000000596046448, -0.5, 0.5000000596046448], "urdf_conclusion": {"joint_name": "joint_1", "pose_from_parent": [1.0, 0.0, 0.0, 0.0, 0.0, 1.0, 0.0, 0.0, 0.0, 0.0, 1.0, 0.0, 0.0, 0.0, 0.0, 1.0], "axis": [0.0, 0.0, 1.0], "limit": [0.0, 1.0], "joint_type": "prismatic"}, "extra_info": {"temp_dof": 0.0}, "true_axis": [-1.0, 0.0, 2.9802322387695312e-08]}}}