{"name": "open_drawer_29921_1", "scene": {"actions": [[0.5260640382766724, 0.009712002240121365, 0.7043480277061462, 0.7029545307159424, -0.0062838527373969555, 0.7111631631851196, -0.007896662689745426], "GRASP", [0.46606409549713135, 0.009712002240121365, 0.7043480277061462, 0.7029545307159424, -0.0062838527373969555, 0.7111631631851196, -0.007896662689745426], [0.41606414318084717, 0.009712002240121365, 0.7043480277061462, 0.7029545307159424, -0.0062838527373969555, 0.7111631631851196, -0.007896662689745426]], "robot_state": {"franka_pos": [0.0, 0.0, 0.0], "franka_quat": [0.0, 0.0, 0.0, 1.0], "gripper_pos": [0.3056737780570984, -0.015352127142250538, 0.7800237536430359], "gripper_quat": [0.7029545307159424, -0.0062838527373969555, 0.7111631631851196, -0.007896662689745426]}, "observations": {"object_pos": [0.699999988079071, 0.0, 0.6000000238418579], "object_quat": [0.0, 0.0, 0.0, 1.0], "object_scale": 0.4, "handle_origin": [-0.02428, 0.26087, 0.43484], "handle_pos": [0.5260640382766724, 0.009712004102766514, 0.7043480277061462], "joint_pos": [0.7000000476837158, 4.6566128730773926e-09, 0.6000000238418579], "joint_quat": [0.5, -0.5000000596046448, -0.5000000596046448, 0.5000000596046448], "urdf_conclusion": {"joint_name": "joint_1", "pose_from_parent": [1.0, 0.0, 0.0, 0.0, 0.0, 1.0, 0.0, 0.0, 0.0, 0.0, 1.0, 0.0, 0.0, 0.0, 0.0, 1.0], "axis": [0.0, 0.0, 1.0], "limit": [0.0, 0.7120000000000002], "joint_type": "prismatic"}, "extra_info": {"temp_dof": 1.4034796545422945e-13}, "true_axis": [-0.9999998807907104, 2.9802322387695312e-08, 1.1920928955078125e-07]}}}