{"name": "close_suitcase_101668", "scene": {"actions": [[0.6026378870010376, 0.041614845395088196, 0.3785164952278137, 0.922774612903595, -0.38533949851989746, 0.00021680694771930575, 0.0006036495906300843], [0.6026378870010376, 0.04161573946475983, 0.3385177254676819, 0.922774612903595, -0.38533949851989746, 0.00021680694771930575, 0.0006036495906300843], "EXEC", "GRASP", [0.6026378870010376, 0.06161573529243469, 0.3685176968574524, 0.922774612903595, -0.38533949851989746, 0.00021680694771930575, 0.0006036495906300843], [0.6026378870010376, 0.08161573112010956, 0.3985176682472229, 0.922774612903595, -0.38533949851989746, 0.00021680694771930575, 0.0006036495906300843], "EXEC", [0.6026378870010376, 0.13161572813987732, 0.4185176491737366, 0.922774612903595, -0.38533949851989746, 0.00021680694771930575, 0.0006036495906300843], "EXEC", [0.6026378870010376, 0.17161574959754944, 0.4285176396369934, 0.922774612903595, -0.38533949851989746, 0.00021680694771930575, 0.0006036495906300843], "EXEC"], "robot_state": {"franka_pos": [0.0, 0.0, 0.0], "franka_quat": [0.0, 0.0, 0.0, 1.0], "gripper_pos": [0.554096519947052, -0.0009121355833485723, 0.3473573923110962], "gripper_quat": [0.922774612903595, -0.38533949851989746, 0.00021680694771930575, 0.0006036495906300843]}, "observations": {"object_pos": [0.6000000238418579, 0.20000000298023224, 0.30000001192092896], "object_quat": [0.0, 0.0, 1.0, 1.0], "object_scale": 0.2, "handle_origin": [0.01319, 0.751, 0.82549], "handle_pos": [0.6026379466056824, 0.04152490198612213, 0.3383945822715759], "joint_pos": [0.5999999642372131, 0.2211848348379135, 0.20595714449882507], "joint_quat": [0.7425532341003418, 0.0, -1.30385160446167e-08, 0.6697869300842285], "urdf_conclusion": {"joint_name": "joint_2", "pose_from_parent": [1.0, 0.0, 0.0, 0.0, 0.0, 1.0, 0.0, -0.4702133012073091, 0.0, 0.0, 1.0, -0.10592495739692812, 0.0, 0.0, 0.0, 1.0], "axis": [1.0, 0.0, 0.0], "limit": [-0.7853981633974483, 2.356194490192345], "joint_type": "revolute"}, "extra_info": {"temp_dof": 0.10295287519693375}, "true_axis": [0.9999999999999997, -1.7466058821469232e-08, -1.936358806631233e-08]}}}