{"name": "close_drawer_19179", "scene": {"actions": [[0.4608958959579468, -0.08690407872200012, 0.6972960829734802, 0.26372355222702026, -0.6729545593261719, 0.24159984290599823, -0.6474654078483582], "EXEC", "GRASP", [0.510895848274231, -0.08690407872200012, 0.6972960829734802, 0.26372355222702026, -0.6729545593261719, 0.24159984290599823, -0.6474654078483582], [0.5608958005905151, -0.08690407872200012, 0.6972960829734802, 0.26372355222702026, -0.6729545593261719, 0.24159984290599823, -0.6474654078483582], [0.6108957529067993, -0.08690407872200012, 0.6972960829734802, 0.26372355222702026, -0.6729545593261719, 0.24159984290599823, -0.6474654078483582], [0.6608957052230835, -0.08690407872200012, 0.6972960829734802, 0.26372355222702026, -0.6729545593261719, 0.24159984290599823, -0.6474654078483582], "EXEC"], "robot_state": {"franka_pos": [0.0, 0.0, 0.0], "franka_quat": [0.0, 0.0, 0.0, 1.0], "gripper_pos": [0.3451601564884186, -0.01596532203257084, 0.7513549327850342], "gripper_quat": [0.26372355222702026, -0.6729545593261719, 0.24159984290599823, -0.6474654078483582]}, "observations": {"object_pos": [0.8999999761581421, -0.10000000149011612, 0.6000000238418579], "object_quat": [0.0, 0.0, 0.0, 1.0], "object_scale": 0.4, "handle_origin": [-0.03274, 0.24324, 0.64901], "handle_pos": [0.4608958959579468, -0.08690407872200012, 0.6972960829734802], "joint_pos": [0.7204999327659607, -0.10000008344650269, 0.6000000834465027], "joint_quat": [0.5, -0.5000000596046448, -0.5, 0.5000000596046448], "urdf_conclusion": {"joint_name": "joint_1", "pose_from_parent": [1.0, 0.0, 0.0, 0.0, 0.0, 1.0, 0.0, 0.0, 0.0, 0.0, 1.0, 0.0, 0.0, 0.0, 0.0, 1.0], "axis": [0.0, 0.0, 1.0], "limit": [0.0, 1.0], "joint_type": "prismatic"}, "extra_info": {"temp_dof": 0.17949999868869781}, "true_axis": [-1.0, 0.0, 2.9802322387695312e-08]}}}