{"name": "close_safe_102301", "scene": {"actions": [[0.32132402062416077, 0.06605267524719238, 0.6156257390975952, 0.6470406651496887, -0.2748146057128906, 0.654007077217102, -0.27944591641426086], [0.37132397294044495, 0.06605267524719238, 0.6156257390975952, 0.6470406651496887, -0.2748146057128906, 0.654007077217102, -0.27944591641426086], "EXEC",  [0.40132394433021545, 0.08605267107486725, 0.6156257390975952, 0.6470406651496887, -0.2748146057128906, 0.654007077217102, -0.27944591641426086], [0.4213239252567291, 0.10605266690254211, 0.6156257390975952, 0.6470406651496887, -0.2748146057128906, 0.654007077217102, -0.27944591641426086], [0.45132389664649963, 0.12605266273021698, 0.6156257390975952, 0.6470406651496887, -0.2748146057128906, 0.654007077217102, -0.27944591641426086], "EXEC", [0.5013238787651062, 0.14605267345905304, 0.6156257390975952, 0.6470406651496887, -0.2748146057128906, 0.654007077217102, -0.27944591641426086], [0.5513238310813904, 0.15605267882347107, 0.6156257390975952, 0.6470406651496887, -0.2748146057128906, 0.654007077217102, -0.27944591641426086], "EXEC", [0.5813238024711609, 0.1660526841878891, 0.6156257390975952, 0.6470406651496887, -0.2748146057128906, 0.654007077217102, -0.27944591641426086], "EXEC"], "robot_state": {"franka_pos": [0.0, 0.0, 0.0], "franka_quat": [0.0, 0.0, 0.0, 1.0], "gripper_pos": [0.3156730532646179, -0.015330478549003601, 0.7801400423049927], "gripper_quat": [0.6470406651496887, -0.2748146057128906, 0.654007077217102, -0.27944591641426086]}, "observations": {"object_pos": [0.800000011920929, 0.0, 0.6000000238418579], "object_quat": [0.0, 0.0, 0.0, 1.0], "object_scale": 0.4, "handle_origin": [-0.85691, -0.56616, 0.11788], "handle_pos": [0.37132397294044495, 0.06605267524719238, 0.6156257390975952], "joint_pos": [0.5770334601402283, -0.21214520931243896, 0.8420897722244263], "joint_quat": [0.6081581711769104, -0.3607543408870697, -0.3607542812824249, 0.6081580519676208], "urdf_conclusion": {"joint_name": "joint_0", "pose_from_parent": [1.0, 0.0, 0.0, 0.5303632187547144, 0.0, 1.0, 0.0, 0.6052249999999999, 0.0, 0.0, 1.0, 0.5574156098674753, 0.0, 0.0, 0.0, 1.0], "axis": [0.0, 1.0, 0.0], "limit": [0.0, 2.978229835603124], "joint_type": "revolute"}, "extra_info": {"temp_dof": 0.5}, "true_axis": [-1.1920928955078125e-07, -1.1920928955078125e-07, 1.0]}}}