{"name": "close_refrigerator_11178", "scene": {"actions": [[0.4286867678165436, 0.1533917933702469, 0.6020427346229553, 0.6470406651496887, -0.2748146057128906, 0.654007077217102, -0.27944591641426086], [0.4886867105960846, 0.1533917933702469, 0.6020427346229553, 0.6470406651496887, -0.2748146057128906, 0.654007077217102, -0.27944591641426086], "EXEC", [0.5386866927146912, 0.1233917847275734, 0.6020427346229553, 0.6470406651496887, -0.2748146057128906, 0.654007077217102, -0.27944591641426086], [0.5786866545677185, 0.0933917909860611, 0.6020427346229553, 0.6470406651496887, -0.2748146057128906, 0.654007077217102, -0.27944591641426086], [0.608686625957489, 0.0633917972445488, 0.6020427346229553, 0.6470406651496887, -0.2748146057128906, 0.654007077217102, -0.27944591641426086], "EXEC"], "robot_state": {"franka_pos": [0.0, 0.0, 0.0], "franka_quat": [0.0, 0.0, 0.0, 1.0], "gripper_pos": [0.3156730532646179, -0.015330478549003601, 0.7801400423049927], "gripper_quat": [0.6470406651496887, -0.2748146057128906, 0.654007077217102, -0.27944591641426086]}, "observations": {"object_pos": [0.800000011920929, 0.0, 0.6000000238418579], "object_quat": [0.0, 0.0, 0.0, 1.0], "object_scale": 0.4, "handle_origin": [0.39623, -0.7522, 0.08612], "handle_pos": [0.4886867105960846, 0.1533917933702469, 0.6020427346229553], "joint_pos": [0.6435640454292297, 0.20155175030231476, 0.9029228091239929], "joint_quat": [0.1802443563938141, -0.6837486624717712, -0.6837484240531921, 0.18024413287639618], "urdf_conclusion": {"joint_name": "joint_0", "pose_from_parent": [1.0, 0.0, 0.0, -0.5038798779540579, 0.0, 1.0, 0.0, 0.757308, 0.0, 0.0, 1.0, 0.3910896986000594, 0.0, 0.0, 0.0, 1.0], "axis": [0.0, -1.0, 0.0], "limit": [0.0, 3.141592653589793], "joint_type": "revolute"}, "extra_info": {"temp_dof": 1.055299997329712}, "true_axis": [4.172325134277344e-07, -2.8312206268310547e-07, -1.0]}}}