{"name": "close_oven_7138", "scene": {"actions": [[0.3825753927230835, 0.029048889875411987, 0.5613071918487549, 0.26372355222702026, -0.6729545593261719, 0.24159984290599823, -0.6474654078483582], [0.4325753450393677, 0.029048889875411987, 0.5613071918487549, 0.26372355222702026, -0.6729545593261719, 0.24159984290599823, -0.6474654078483582], "EXEC", [0.48257529735565186, 0.029048889875411987, 0.5813071727752686, 0.26372355222702026, -0.6729545593261719, 0.24159984290599823, -0.6474654078483582], [0.532575249671936, 0.029048889875411987, 0.6013071537017822, 0.26372355222702026, -0.6729545593261719, 0.24159984290599823, -0.6474654078483582], [0.5625752210617065, 0.029048889875411987, 0.6213071346282959, 0.26372355222702026, -0.6729545593261719, 0.24159984290599823, -0.6474654078483582], "EXEC"], "robot_state": {"franka_pos": [0.0, 0.0, 0.0], "franka_quat": [0.0, 0.0, 0.0, 1.0], "gripper_pos": [0.3451601564884186, -0.01596532203257084, 0.7513549327850342], "gripper_quat": [0.26372355222702026, -0.6729545593261719, 0.24159984290599823, -0.6474654078483582]}, "observations": {"object_pos": [0.800000011920929, 0.0, 0.6000000238418579], "object_quat": [0.0, 0.0, 0.0, 1.0], "object_scale": 0.4, "handle_origin": [-0.77367, 0.50776, 0.0802], "handle_pos": [0.4325753450393677, 0.029048889875411987, 0.5613071918487549], "joint_pos": [0.5784881711006165, -0.28041908144950867, 0.4164285361766815], "joint_quat": [0.6306744813919067, -0.630674421787262, -0.3197649419307709, 0.3197650611400604], "urdf_conclusion": {"joint_name": "joint_0", "pose_from_parent": [1.0, 0.0, 0.0, 0.7010470000000004, 0.0, 1.0, 0.0, -0.45892809949621766, 0.0, 0.0, 1.0, 0.5537792117459065, 0.0, 0.0, 0.0, 1.0], "axis": [1.0, 0.0, 0.0], "limit": [-0.0, 1.5707963267948966], "joint_type": "revolute"}, "extra_info": {"temp_dof": 0.6323000192642212}, "true_axis": [7.450580596923828e-08, -1.0, 1.1920928955078125e-07]}}}