{"name": "close_refrigerator_10638", "scene": {"actions": [[0.30088794231414795, -0.08714142441749573, 0.8065674304962158, 0.6470406651496887, -0.2748146057128906, 0.654007077217102, -0.27944591641426086], [0.35088789463043213, -0.08714142441749573, 0.8065674304962158, 0.6470406651496887, -0.2748146057128906, 0.654007077217102, -0.27944591641426086], "EXEC", [0.3908878564834595, -0.06714142858982086, 0.8065674304962158, 0.6470406651496887, -0.2748146057128906, 0.654007077217102, -0.27944591641426086], [0.4308878183364868, -0.047141432762145996, 0.8065674304962158, 0.6470406651496887, -0.2748146057128906, 0.654007077217102, -0.27944591641426086], [0.49088776111602783, -0.0171414352953434, 0.8065674304962158, 0.6470406651496887, -0.2748146057128906, 0.654007077217102, -0.27944591641426086], "EXEC", [0.5308877229690552, -0.007141435518860817, 0.8065674304962158, 0.6470406651496887, -0.2748146057128906, 0.654007077217102, -0.27944591641426086], "EXEC"], "robot_state": {"franka_pos": [0.0, 0.0, 0.0], "franka_quat": [0.0, 0.0, 0.0, 1.0], "gripper_pos": [0.3156730532646179, -0.015330478549003601, 0.7801400423049927], "gripper_quat": [0.6470406651496887, -0.2748146057128906, 0.654007077217102, -0.27944591641426086]}, "observations": {"object_pos": [0.699999988079071, -0.20000000298023224, 0.6000000238418579], "object_quat": [0.0, 0.0, 0.0, 1.0], "object_scale": 0.4, "handle_origin": [-0.95344, -0.26715, 0.02224], "handle_pos": [0.35088789463043213, -0.08714142441749573, 0.8065674304962158], "joint_pos": [0.5545003414154053, -0.4097382724285126, 0.9134275317192078], "joint_quat": [0.6151988506317139, -0.3486121892929077, -0.3486119508743286, 0.6151987910270691], "urdf_conclusion": {"joint_name": "joint_2", "pose_from_parent": [1.0, 0.0, 0.0, 0.5243458088817847, 0.0, 1.0, 0.0, 0.7835690000000002, 0.0, 0.0, 1.0, 0.3637486649190118, 0.0, 0.0, 0.0, 1.0], "axis": [0.0, 1.0, 0.0], "limit": [-0.0, 3.141592653589793], "joint_type": "revolute"}, "extra_info": {"temp_dof": 0.5396999716758728}, "true_axis": [-3.2782554626464844e-07, 1.043081283569336e-07, 1.0]}}}