{"name": "close_dishwasher_11700", "scene": {"actions": [[0.40800541639328003, -0.003325819969177246, 0.6800330877304077, 0.26372355222702026, -0.6729545593261719, 0.24159984290599823, -0.6474654078483582], "EXEC", [0.43800538778305054, -0.003325819969177246, 0.6900330781936646, 0.26372355222702026, -0.6729545593261719, 0.24159984290599823, -0.6474654078483582], [0.46800535917282104, -0.003325819969177246, 0.7000330686569214, 0.26372355222702026, -0.6729545593261719, 0.24159984290599823, -0.6474654078483582], [0.49800533056259155, -0.003325819969177246, 0.7100330591201782, 0.26372355222702026, -0.6729545593261719, 0.24159984290599823, -0.6474654078483582], [0.5480052828788757, -0.003325819969177246, 0.7400330305099487, 0.26372355222702026, -0.6729545593261719, 0.24159984290599823, -0.6474654078483582], "EXEC"], "robot_state": {"franka_pos": [0.0, 0.0, 0.0], "franka_quat": [0.0, 0.0, 0.0, 1.0], "gripper_pos": [0.3451601564884186, -0.01596532203257084, 0.7513549327850342], "gripper_quat": [0.26372355222702026, -0.6729545593261719, 0.24159984290599823, -0.6474654078483582]}, "observations": {"object_pos": [0.699999988079071, 0.0, 0.6000000238418579], "object_quat": [0.0, 0.0, 0.0, 1.0], "object_scale": 0.3, "handle_origin": [-0.57948, 0.93482, 0.14178], "handle_pos": [0.40800541639328003, -0.003325819969177246, 0.6800330877304077], "joint_pos": [0.5797855854034424, -0.17716974020004272, 0.45431041717529297], "joint_quat": [0.6081582903862, -0.6081580519676208, -0.36075419187545776, 0.3607541620731354], "urdf_conclusion": {"joint_name": "joint_0", "pose_from_parent": [1.0, 0.0, 0.0, 0.5905659999999999, 0.0, 1.0, 0.0, -0.48563204088994644, 0.0, 0.0, 1.0, 0.4007138722583754, 0.0, 0.0, 0.0, 1.0], "axis": [1.0, 0.0, 0.0], "limit": [0.0, 1.5707963267948966], "joint_type": "revolute"}, "extra_info": {"temp_dof": 0.5}, "true_axis": [2.980232238769531e-07, -1.0, -2.384185791015625e-07]}}}