{"name": "lay_down_strap_101673", "scene": {"actions": [[0.5126340985298157, -0.002371671609580517, 0.33675631880760193, 0.9229097366333008, -0.38501596450805664, -0.0006082046893425286, -2.8713575375149958e-05], [0.5126340985298157, -0.002371671609580517, 0.2967563569545746, 0.9229097366333008, -0.38501596450805664, -0.0006082046893425286, -2.8713575375149958e-05], "EXEC", "GRASP", [0.5126340985298157, -0.04237166792154312, 0.28675636649131775, 0.9229097366333008, -0.38501596450805664, -0.0006082046893425286, -2.8713575375149958e-05], [0.5126340985298157, -0.07237166166305542, 0.2767563760280609, 0.9229097366333008, -0.38501596450805664, -0.0006082046893425286, -2.8713575375149958e-05], [0.5126340985298157, -0.10237165540456772, 0.25675639510154724, 0.9229097366333008, -0.38501596450805664, -0.0006082046893425286, -2.8713575375149958e-05], "EXEC", [0.5126340985298157, -0.14237165451049805, 0.21675637364387512, 0.9229097366333008, -0.38501596450805664, -0.0006082046893425286, -2.8713575375149958e-05], [0.5126340985298157, -0.17237167060375214, 0.176756352186203, 0.9229097366333008, -0.38501596450805664, -0.0006082046893425286, -2.8713575375149958e-05], "EXEC"], "robot_state": {"franka_pos": [0.0, 0.0, 0.0], "franka_quat": [0.0, 0.0, 0.0, 1.0], "gripper_pos": [0.5539411306381226, 3.5495457268552855e-05, 0.34668999910354614], "gripper_quat": [0.9229097366333008, -0.38501596450805664, -0.0006082046893425286, -2.8713575375149958e-05]}, "observations": {"object_pos": [0.5, 0.0, 0.10000000149011612], "object_quat": [0.0, 0.0, 1.0, 1.0], "object_scale": 0.2, "handle_origin": [-0.54393, 0.7498, -0.01804], "handle_pos": [0.5126340985298157, -0.002371671609580517, 0.2967563569545746], "joint_pos": [0.6214200854301453, -0.00569480936974287, 0.1467897891998291], "joint_quat": [0.7077780961990356, -2.8400563678587787e-08, -6.023410747957314e-08, 0.7064347267150879], "urdf_conclusion": {"joint_name": "joint_0", "pose_from_parent": [1.0, 0.0, 0.0, 0.6071008788782839, 0.0, 1.0, 0.0, 0.23394889741627845, 0.0, 0.0, 1.0, 0.028473990602806643, 0.0, 0.0, 0.0, 1.0], "axis": [-1.0, 0.0, 0.0], "limit": [-1.5707963267948966, 1.5707963267948966], "joint_type": "revolute"}, "extra_info": {"temp_dof": -0.0019000000320374966}, "true_axis": [-0.9999999999999911, 1.253055472716369e-07, 4.513848850251634e-08]}}}