{"name": "lift_strap_101673", "scene": {"actions": [[0.5126340985298157, 0.044976040720939636, 0.31099647283554077, 0.9229097366333008, -0.38501596450805664, -0.0006082046893425286, -2.8713575375149958e-05], [0.5126340985298157, 0.044976040720939636, 0.2609965205192566, 0.9229097366333008, -0.38501596450805664, -0.0006082046893425286, -2.8713575375149958e-05], "EXEC", "GRASP", [0.5126340985298157, 0.05497603863477707, 0.2909964919090271, 0.9229097366333008, -0.38501596450805664, -0.0006082046893425286, -2.8713575375149958e-05], [0.5126340985298157, 0.0649760365486145, 0.3209964632987976, 0.9229097366333008, -0.38501596450805664, -0.0006082046893425286, -2.8713575375149958e-05], "EXEC", [0.5126340985298157, 0.08497603237628937, 0.3509964346885681, 0.9229097366333008, -0.38501596450805664, -0.0006082046893425286, -2.8713575375149958e-05], [0.5126340985298157, 0.11497602611780167, 0.3709964156150818, 0.9229097366333008, -0.38501596450805664, -0.0006082046893425286, -2.8713575375149958e-05], "EXEC", [0.5126340985298157, 0.14497603476047516, 0.3809964060783386, 0.9229097366333008, -0.38501596450805664, -0.0006082046893425286, -2.8713575375149958e-05], [0.5126340985298157, 0.17497605621814728, 0.4009963870048523, 0.9229097366333008, -0.38501596450805664, -0.0006082046893425286, -2.8713575375149958e-05], "EXEC"], "robot_state": {"franka_pos": [0.0, 0.0, 0.0], "franka_quat": [0.0, 0.0, 0.0, 1.0], "gripper_pos": [0.5539411306381226, 3.5495457268552855e-05, 0.34668999910354614], "gripper_quat": [0.9229097366333008, -0.38501596450805664, -0.0006082046893425286, -2.8713575375149958e-05]}, "observations": {"object_pos": [0.5, 0.20000000298023224, 0.20000000298023224], "object_quat": [0.0, 0.0, 1.0, 1.0], "object_scale": 0.2, "handle_origin": [-0.54393, 0.7498, -0.01804], "handle_pos": [0.5126340985298157, 0.04497605562210083, 0.2609965205192566], "joint_pos": [0.6214200854301453, 0.1943051815032959, 0.24678979814052582], "joint_quat": [0.9993735551834106, -2.6826029397852835e-08, 3.224408828828018e-08, 0.03539077937602997], "urdf_conclusion": {"joint_name": "joint_0", "pose_from_parent": [1.0, 0.0, 0.0, 0.6071008788782839, 0.0, 1.0, 0.0, 0.23394889741627845, 0.0, 0.0, 1.0, 0.028473990602806643, 0.0, 0.0, 0.0, 1.0], "axis": [1.0, 0.0, 0.0], "limit": [-1.5707963267948966, 1.5707963267948966], "joint_type": "revolute"}, "extra_info": {"temp_dof": 1.5}, "true_axis": [0.9999999999999964, -5.1336161988047024e-08, 6.634657268023147e-08]}}}