{"name": "lift_strap_101681_2", "scene": {"actions": [[0.504830002784729, 0.3632962703704834, 0.31024855375289917, 0.9229097366333008, -0.38501596450805664, -0.0006082046893425286, -2.8713575375149958e-05], [0.504830002784729, 0.3632962703704834, 0.260248601436615, 0.9229097366333008, -0.38501596450805664, -0.0006082046893425286, -2.8713575375149958e-05], "EXEC", "GRASP", [0.504830002784729, 0.35329627990722656, 0.2902485728263855, 0.9229097366333008, -0.38501596450805664, -0.0006082046893425286, -2.8713575375149958e-05], [0.504830002784729, 0.3432962894439697, 0.320248544216156, 0.9229097366333008, -0.38501596450805664, -0.0006082046893425286, -2.8713575375149958e-05], [0.504830002784729, 0.3332962989807129, 0.3502485156059265, 0.9229097366333008, -0.38501596450805664, -0.0006082046893425286, -2.8713575375149958e-05], "EXEC", [0.504830002784729, 0.3132963180541992, 0.380248486995697, 0.9229097366333008, -0.38501596450805664, -0.0006082046893425286, -2.8713575375149958e-05], "EXEC", [0.504830002784729, 0.2732963562011719, 0.39024847745895386, 0.9229097366333008, -0.38501596450805664, -0.0006082046893425286, -2.8713575375149958e-05], [0.504830002784729, 0.24329636991024017, 0.41024845838546753, 0.9229097366333008, -0.38501596450805664, -0.0006082046893425286, -2.8713575375149958e-05], "EXEC"], "robot_state": {"franka_pos": [0.0, 0.0, 0.0], "franka_quat": [0.0, 0.0, 0.0, 1.0], "gripper_pos": [0.5539411306381226, 3.5495457268552855e-05, 0.34668999910354614], "gripper_quat": [0.9229097366333008, -0.38501596450805664, -0.0006082046893425286, -2.8713575375149958e-05]}, "observations": {"object_pos": [0.5, 0.20000000298023224, 0.20000000298023224], "object_quat": [0.0, 0.0, 1.0, 1.0], "object_scale": 0.2, "handle_origin": [-0.37103, 0.73559, -0.00979], "handle_pos": [0.504830002784729, 0.3632962703704834, 0.260248601436615], "joint_pos": [0.5790360569953918, 0.21640829741954803, 0.2517949640750885], "joint_quat": [0.03539082780480385, -3.3818650990724564e-08, 1.2998407328268513e-07, 0.9993735551834106], "urdf_conclusion": {"joint_name": "joint_0", "pose_from_parent": [1.0, 0.0, 0.0, 0.39518128119428075, 0.0, 1.0, 0.0, 0.2589746505406074, 0.0, 0.0, 1.0, -0.08204028527521606, 0.0, 0.0, 0.0, 1.0], "axis": [-1.0, 0.0, 0.0], "limit": [-0.06911503837897545, 2.9970793915246627], "joint_type": "revolute"}, "extra_info": {"temp_dof": 1.5}, "true_axis": [-0.9999999999999639, -2.5741155695868656e-07, -7.679541624838748e-08]}}}