{"name": "open_safe_102301", "scene": {"actions": [[0.3798816502094269, -0.06938117742538452, 0.6156258583068848, 0.6470406651496887, -0.2748146057128906, 0.654007077217102, -0.27944591641426086], [0.42988160252571106, -0.06938117742538452, 0.6156258583068848, 0.6470406651496887, -0.2748146057128906, 0.654007077217102, -0.27944591641426086], "EXEC", "GRASP", [0.3898816406726837, -0.07938117533922195, 0.6156258583068848, 0.6470406651496887, -0.2748146057128906, 0.654007077217102, -0.27944591641426086], [0.3598816692829132, -0.08938117325305939, 0.6156258583068848, 0.6470406651496887, -0.2748146057128906, 0.654007077217102, -0.27944591641426086], "EXEC", [0.3298816978931427, -0.09938117116689682, 0.6156258583068848, 0.6470406651496887, -0.2748146057128906, 0.654007077217102, -0.27944591641426086], "EXEC", [0.28988173604011536, -0.13938117027282715, 0.6156258583068848, 0.6470406651496887, -0.2748146057128906, 0.654007077217102, -0.27944591641426086], "EXEC"], "robot_state": {"franka_pos": [0.0, 0.0, 0.0], "franka_quat": [0.0, 0.0, 0.0, 1.0], "gripper_pos": [0.3156730532646179, -0.015330478549003601, 0.7801400423049927], "gripper_quat": [0.6470406651496887, -0.2748146057128906, 0.654007077217102, -0.27944591641426086]}, "observations": {"object_pos": [0.699999988079071, -0.20000000298023224, 0.6000000238418579], "object_quat": [0.0, 0.0, 0.0, 1.0], "object_scale": 0.4, "handle_origin": [-0.85691, -0.56616, 0.11788], "handle_pos": [0.42988160252571106, -0.06938117742538452, 0.6156258583068848], "joint_pos": [0.4770335853099823, -0.41214513778686523, 0.842089831829071], "joint_quat": [0.49999991059303284, -0.5, -0.5000000596046448, 0.4999999403953552], "urdf_conclusion": {"joint_name": "joint_0", "pose_from_parent": [1.0, 0.0, 0.0, 0.5303632187547144, 0.0, 1.0, 0.0, 0.6052249999999999, 0.0, 0.0, 1.0, 0.5574156098674753, 0.0, 0.0, 0.0, 1.0], "axis": [0.0, 1.0, 0.0], "limit": [0.0, 2.978229835603124], "joint_type": "revolute"}, "extra_info": {"temp_dof": 0.0}, "true_axis": [2.9802322387695312e-08, -8.940696716308594e-08, 1.0]}}}