{"name": "open_refrigerator_10638", "scene": {"actions": [[0.5456044673919678, 0.17163769900798798, 0.8065674901008606, 0.6470406651496887, -0.2748146057128906, 0.654007077217102, -0.27944591641426086], "EXEC", "GRASP", [0.5156044960021973, 0.16163769364356995, 0.8065674901008606, 0.6470406651496887, -0.2748146057128906, 0.654007077217102, -0.27944591641426086], [0.48560452461242676, 0.15163768827915192, 0.8065674901008606, 0.6470406651496887, -0.2748146057128906, 0.654007077217102, -0.27944591641426086], "EXEC", [0.4456045627593994, 0.13163767755031586, 0.8065674901008606, 0.6470406651496887, -0.2748146057128906, 0.654007077217102, -0.27944591641426086], [0.4156045913696289, 0.11163768172264099, 0.8065674901008606, 0.6470406651496887, -0.2748146057128906, 0.654007077217102, -0.27944591641426086], "EXEC", [0.3856046199798584, 0.10163768380880356, 0.8065674901008606, 0.6470406651496887, -0.2748146057128906, 0.654007077217102, -0.27944591641426086], "EXEC"], "robot_state": {"franka_pos": [0.0, 0.0, 0.0], "franka_quat": [0.0, 0.0, 0.0, 1.0], "gripper_pos": [0.3156730532646179, -0.015330478549003601, 0.7801400423049927], "gripper_quat": [0.6470406651496887, -0.2748146057128906, 0.654007077217102, -0.27944591641426086]}, "observations": {"object_pos": [0.699999988079071, 0.0, 0.6000000238418579], "object_quat": [0.0, 0.0, 0.0, 1.0], "object_scale": 0.4, "handle_origin": [-0.95344, -0.26715, 0.02224], "handle_pos": [0.5456044673919678, 0.17163772881031036, 0.8065674901008606], "joint_pos": [0.5545004606246948, -0.20973826944828033, 0.9134275317192078], "joint_quat": [0.5, -0.5000000596046448, -0.4999999701976776, 0.4999999403953552], "urdf_conclusion": {"joint_name": "joint_2", "pose_from_parent": [1.0, 0.0, 0.0, 0.5243458088817847, 0.0, 1.0, 0.0, 0.7835690000000002, 0.0, 0.0, 1.0, 0.3637486649190118, 0.0, 0.0, 0.0, 1.0], "axis": [0.0, 1.0, 0.0], "limit": [-0.0, 3.141592653589793], "joint_type": "revolute"}, "extra_info": {"temp_dof": 0.0}, "true_axis": [-1.4901161193847656e-07, 1.1920928955078125e-07, 0.9999999403953552]}}}