{"name": "open_suitcase_101668", "scene": {"actions": [[0.558942437171936, -0.002637940924614668, 0.32030099630355835, 0.9229097366333008, -0.38501596450805664, -0.0006082046893425286, -2.8713575375149958e-05], "EXEC", [0.5289424657821655, -0.002637940924614668, 0.3103010058403015, 0.9229097366333008, -0.38501596450805664, -0.0006082046893425286, -2.8713575375149958e-05], [0.498942494392395, -0.002637940924614668, 0.3003010153770447, 0.9229097366333008, -0.38501596450805664, -0.0006082046893425286, -2.8713575375149958e-05], "EXEC", [0.4689425230026245, -0.002637940924614668, 0.27030104398727417, 0.9229097366333008, -0.38501596450805664, -0.0006082046893425286, -2.8713575375149958e-05], "EXEC", [0.438942551612854, -0.002637940924614668, 0.24030105769634247, 0.9229097366333008, -0.38501596450805664, -0.0006082046893425286, -2.8713575375149958e-05], "EXEC"], "robot_state": {"franka_pos": [0.0, 0.0, 0.0], "franka_quat": [0.0, 0.0, 0.0, 1.0], "gripper_pos": [0.5539411306381226, 3.5495457268552855e-05, 0.34668999910354614], "gripper_quat": [0.9229097366333008, -0.38501596450805664, -0.0006082046893425286, -2.8713575375149958e-05]}, "observations": {"object_pos": [0.6000000238418579, 0.0, 0.20000000298023224], "object_quat": [0.0, 0.0, 0.0, 1.0], "object_scale": 0.2, "handle_origin": [0.01319, 0.751, 0.82549], "handle_pos": [0.558942437171936, -0.002637940924614668, 0.32030099630355835], "joint_pos": [0.621184766292572, 4.889443516731262e-08, 0.10595717281103134], "joint_quat": [0.34543898701667786, -0.3454389274120331, -0.616986095905304, 0.616986095905304], "urdf_conclusion": {"joint_name": "joint_2", "pose_from_parent": [1.0, 0.0, 0.0, 0.0, 0.0, 1.0, 0.0, -0.4702133012073091, 0.0, 0.0, 1.0, -0.10592495739692812, 0.0, 0.0, 0.0, 1.0], "axis": [1.0, 0.0, 0.0], "limit": [-0.7853981633974483, 2.356194490192345], "joint_type": "revolute"}, "extra_info": {"temp_dof": -0.550000011920929}, "true_axis": [1.4901161193847656e-08, -1.0, -8.940696716308594e-08]}}}