{"name": "open_oven_7179", "scene": {"actions": [[0.5262187719345093, 0.03180570900440216, 0.6721554398536682, 0.26372355222702026, -0.6729545593261719, 0.24159984290599823, -0.6474654078483582], "EXEC", "GRASP", [0.4962172508239746, 0.03180570900440216, 0.6621550917625427, 0.26372355222702026, -0.6729545593261719, 0.24159984290599823, -0.6474654078483582], [0.4662172794342041, 0.03180570900440216, 0.6521551012992859, 0.26372355222702026, -0.6729545593261719, 0.24159984290599823, -0.6474654078483582], "EXEC", [0.4362173080444336, 0.03180570900440216, 0.6321551203727722, 0.26372355222702026, -0.6729545593261719, 0.24159984290599823, -0.6474654078483582], "EXEC", [0.4162173271179199, 0.03180570900440216, 0.6221551299095154, 0.26372355222702026, -0.6729545593261719, 0.24159984290599823, -0.6474654078483582], "EXEC"], "robot_state": {"franka_pos": [0.0, 0.0, 0.0], "franka_quat": [0.0, 0.0, 0.0, 1.0], "gripper_pos": [0.3451601564884186, -0.01596532203257084, 0.7513549327850342], "gripper_quat": [0.26372355222702026, -0.6729545593261719, 0.24159984290599823, -0.6474654078483582]}, "observations": {"object_pos": [0.699999988079071, 0.0, 0.5], "object_quat": [0.0, 0.0, 0.0, 1.0], "object_scale": 0.4, "handle_origin": [0.46155, 0.36916, 0.06863], "handle_pos": [0.5262187719345093, 0.03180570900440216, 0.6721554398536682], "joint_pos": [0.5536707639694214, 0.21642570197582245, 0.5244914293289185], "joint_quat": [0.4999999701976776, -0.5000000596046448, -0.5, 0.5], "urdf_conclusion": {"joint_name": "joint_4", "pose_from_parent": [1.0, 0.0, 0.0, -0.5410640239715576, 0.0, 1.0, 0.0, 0.06122878928574457, 0.0, 0.0, 1.0, 0.36582296368257883, 0.0, 0.0, 0.0, 1.0], "axis": [1.0, 0.0, 0.0], "limit": [-0.0, 1.5707963267948966], "joint_type": "revolute"}, "extra_info": {"temp_dof": 0.0}, "true_axis": [-1.4901161193847656e-07, -1.0, 1.1920928955078125e-07]}}}