{"name": "open_refrigerator_11178", "scene": {"actions": [[0.6091161966323853, -0.15694041550159454, 0.6020427942276001, 0.6470406651496887, -0.2748146057128906, 0.654007077217102, -0.27944591641426086], "EXEC", "GRASP", [0.5786255598068237, -0.1468328982591629, 0.6020427942276001, 0.6470406651496887, -0.2748146057128906, 0.654007077217102, -0.27944591641426086], [0.5486255884170532, -0.13683289289474487, 0.6020427942276001, 0.6470406651496887, -0.2748146057128906, 0.654007077217102, -0.27944591641426086], [0.5186256170272827, -0.11683288961648941, 0.6020427942276001, 0.6470406651496887, -0.2748146057128906, 0.654007077217102, -0.27944591641426086], "EXEC", [0.49862563610076904, -0.09683289378881454, 0.6020427942276001, 0.6470406651496887, -0.2748146057128906, 0.654007077217102, -0.27944591641426086], "EXEC"], "robot_state": {"franka_pos": [0.0, 0.0, 0.0], "franka_quat": [0.0, 0.0, 0.0, 1.0], "gripper_pos": [0.3156730532646179, -0.015330478549003601, 0.7801400423049927], "gripper_quat": [0.6470406651496887, -0.2748146057128906, 0.654007077217102, -0.27944591641426086]}, "observations": {"object_pos": [0.800000011920929, -0.20000000298023224, 0.6000000238418579], "object_quat": [0.0, 0.0, 0.0, 1.0], "object_scale": 0.4, "handle_origin": [0.39623, -0.7522, 0.08612], "handle_pos": [0.6091161966323853, -0.15694041550159454, 0.6020427942276001], "joint_pos": [0.6435642242431641, 0.0015515834093093872, 0.9029227495193481], "joint_quat": [0.5, -0.4999999403953552, -0.5, 0.5], "urdf_conclusion": {"joint_name": "joint_0", "pose_from_parent": [1.0, 0.0, 0.0, -0.5038798779540579, 0.0, 1.0, 0.0, 0.757308, 0.0, 0.0, 1.0, 0.3910896986000594, 0.0, 0.0, 0.0, 1.0], "axis": [0.0, -1.0, 0.0], "limit": [0.0, 3.141592653589793], "joint_type": "revolute"}, "extra_info": {"temp_dof": 0.0}, "true_axis": [-8.940696716308594e-08, 1.1920928955078125e-07, -1.0]}}}