{"name": "open_safe_101612", "scene": {"actions": [[0.39428940415382385, 0.06232649087905884, 0.5714439749717712, 0.6470406651496887, -0.2748146057128906, 0.654007077217102, -0.27944591641426086], [0.44428935647010803, 0.06232649087905884, 0.5714439749717712, 0.6470406651496887, -0.2748146057128906, 0.654007077217102, -0.27944591641426086], "EXEC", "GRASP", [0.4142893850803375, 0.07232648879289627, 0.5714439749717712, 0.6470406651496887, -0.2748146057128906, 0.654007077217102, -0.27944591641426086], [0.384289413690567, 0.0823264867067337, 0.5714439749717712, 0.6470406651496887, -0.2748146057128906, 0.654007077217102, -0.27944591641426086], [0.3542894423007965, 0.09232648462057114, 0.5714439749717712, 0.6470406651496887, -0.2748146057128906, 0.654007077217102, -0.27944591641426086], "EXEC", [0.324289470911026, 0.112326480448246, 0.5714439749717712, 0.6470406651496887, -0.2748146057128906, 0.654007077217102, -0.27944591641426086], [0.2942894995212555, 0.13232648372650146, 0.5714439749717712, 0.6470406651496887, -0.2748146057128906, 0.654007077217102, -0.27944591641426086], "EXEC"], "robot_state": {"franka_pos": [0.0, 0.0, 0.0], "franka_quat": [0.0, 0.0, 0.0, 1.0], "gripper_pos": [0.3156730532646179, -0.015330478549003601, 0.7801400423049927], "gripper_quat": [0.6470406651496887, -0.2748146057128906, 0.654007077217102, -0.27944591641426086]}, "observations": {"object_pos": [0.699999988079071, 0.20000000298023224, 0.6000000238418579], "object_quat": [0.0, 0.0, 0.0, 1.0], "object_scale": 0.4, "handle_origin": [0.79943, -0.07139, 0.09193], "handle_pos": [0.44428935647010803, 0.06232649087905884, 0.5714439749717712], "joint_pos": [0.48106124997138977, 0.3820984363555908, 0.5999999046325684], "joint_quat": [0.4999999701976776, -0.5, -0.49999985098838806, 0.4999999403953552], "urdf_conclusion": {"joint_name": "joint_0", "pose_from_parent": [1.0, 0.0, 0.0, -0.455246, 0.0, 1.0, 0.0, 0.0, 0.0, 0.0, 1.0, 0.5473470114575845, 0.0, 0.0, 0.0, 1.0], "axis": [0.0, -1.0, 0.0], "limit": [0.0, 3.141592653589793], "joint_type": "revolute"}, "extra_info": {"temp_dof": 0.0}, "true_axis": [2.086162567138672e-07, -1.1920928955078125e-07, -1.0]}}}