{"name": "open_dishwasher_11700", "scene": {"actions": [[0.5372515320777893, -0.003325730562210083, 0.7347564101219177, 0.26372355222702026, -0.6729545593261719, 0.24159984290599823, -0.6474654078483582], "EXEC", "GRASP", [0.5072515606880188, -0.003325730562210083, 0.7247564196586609, 0.26372355222702026, -0.6729545593261719, 0.24159984290599823, -0.6474654078483582], [0.4772515892982483, -0.003325730562210083, 0.714756429195404, 0.26372355222702026, -0.6729545593261719, 0.24159984290599823, -0.6474654078483582], [0.4472516179084778, -0.003325730562210083, 0.6947564482688904, 0.26372355222702026, -0.6729545593261719, 0.24159984290599823, -0.6474654078483582], "EXEC", [0.4172516465187073, -0.003325730562210083, 0.6747564673423767, 0.26372355222702026, -0.6729545593261719, 0.24159984290599823, -0.6474654078483582], [0.38725167512893677, -0.003325730562210083, 0.654756486415863, 0.26372355222702026, -0.6729545593261719, 0.24159984290599823, -0.6474654078483582], "EXEC"], "robot_state": {"franka_pos": [0.0, 0.0, 0.0], "franka_quat": [0.0, 0.0, 0.0, 1.0], "gripper_pos": [0.3451601564884186, -0.01596532203257084, 0.7513549327850342], "gripper_quat": [0.26372355222702026, -0.6729545593261719, 0.24159984290599823, -0.6474654078483582]}, "observations": {"object_pos": [0.699999988079071, 0.0, 0.6000000238418579], "object_quat": [0.0, 0.0, 0.0, 1.0], "object_scale": 0.3, "handle_origin": [-0.57948, 0.93482, 0.14178], "handle_pos": [0.5372515320777893, -0.003325730562210083, 0.7347564101219177], "joint_pos": [0.5797856450080872, -0.17716971039772034, 0.45431041717529297], "joint_quat": [0.5000000596046448, -0.4999999403953552, -0.49999991059303284, 0.49999991059303284], "urdf_conclusion": {"joint_name": "joint_0", "pose_from_parent": [1.0, 0.0, 0.0, 0.5905659999999999, 0.0, 1.0, 0.0, -0.48563204088994644, 0.0, 0.0, 1.0, 0.4007138722583754, 0.0, 0.0, 0.0, 1.0], "axis": [1.0, 0.0, 0.0], "limit": [0.0, 1.5707963267948966], "joint_type": "revolute"}, "extra_info": {"temp_dof": 0.0}, "true_axis": [1.1920928955078125e-07, -1.0, -1.1920928955078125e-07]}}}