{"name": "open_drawer_19179", "scene": {"actions": [[0.44039589166641235, 0.013095996342599392, 0.6972960829734802, 0.26372355222702026, -0.6729545593261719, 0.24159984290599823, -0.6474654078483582], "EXEC", "GRASP", [0.3903959393501282, 0.013095996342599392, 0.6972960829734802, 0.26372355222702026, -0.6729545593261719, 0.24159984290599823, -0.6474654078483582], [0.340395987033844, 0.013095996342599392, 0.6972960829734802, 0.26372355222702026, -0.6729545593261719, 0.24159984290599823, -0.6474654078483582], [0.2903960347175598, 0.013095996342599392, 0.6972960829734802, 0.26372355222702026, -0.6729545593261719, 0.24159984290599823, -0.6474654078483582], [0.24039606750011444, 0.013095996342599392, 0.6972960829734802, 0.26372355222702026, -0.6729545593261719, 0.24159984290599823, -0.6474654078483582], "EXEC"], "robot_state": {"franka_pos": [0.0, 0.0, 0.0], "franka_quat": [0.0, 0.0, 0.0, 1.0], "gripper_pos": [0.3451601564884186, -0.01596532203257084, 0.7513549327850342], "gripper_quat": [0.26372355222702026, -0.6729545593261719, 0.24159984290599823, -0.6474654078483582]}, "observations": {"object_pos": [0.699999988079071, 0.0, 0.6000000238418579], "object_quat": [0.0, 0.0, 0.0, 1.0], "object_scale": 0.4, "handle_origin": [-0.03274, 0.24324, 0.64901], "handle_pos": [0.44039589166641235, 0.013095996342599392, 0.6972960829734802], "joint_pos": [0.6999999284744263, -8.149072527885437e-09, 0.6000000834465027], "joint_quat": [0.5, -0.5000000596046448, -0.5, 0.5000000596046448], "urdf_conclusion": {"joint_name": "joint_1", "pose_from_parent": [1.0, 0.0, 0.0, 0.0, 0.0, 1.0, 0.0, 0.0, 0.0, 0.0, 1.0, 0.0, 0.0, 0.0, 0.0, 1.0], "axis": [0.0, 0.0, 1.0], "limit": [0.0, 1.0], "joint_type": "prismatic"}, "extra_info": {"temp_dof": 0.0}, "true_axis": [-1.0, 0.0, 2.9802322387695312e-08]}}}