{"name": "open_oven_7138", "scene": {"actions": [[0.4464079737663269, -0.17095106840133667, 0.6195324659347534, 0.26372355222702026, -0.6729545593261719, 0.24159984290599823, -0.6474654078483582], "EXEC", "GRASP", [0.4164080023765564, -0.17095106840133667, 0.6095324754714966, 0.26372355222702026, -0.6729545593261719, 0.24159984290599823, -0.6474654078483582], [0.3864080309867859, -0.17095106840133667, 0.5995324850082397, 0.26372355222702026, -0.6729545593261719, 0.24159984290599823, -0.6474654078483582], [0.3564080595970154, -0.17095106840133667, 0.5895324945449829, 0.26372355222702026, -0.6729545593261719, 0.24159984290599823, -0.6474654078483582], "EXEC", [0.3264080882072449, -0.17095106840133667, 0.5695325136184692, 0.26372355222702026, -0.6729545593261719, 0.24159984290599823, -0.6474654078483582], "EXEC"], "robot_state": {"franka_pos": [0.0, 0.0, 0.0], "franka_quat": [0.0, 0.0, 0.0, 1.0], "gripper_pos": [0.3451601564884186, -0.01596532203257084, 0.7513549327850342], "gripper_quat": [0.26372355222702026, -0.6729545593261719, 0.24159984290599823, -0.6474654078483582]}, "observations": {"object_pos": [0.699999988079071, -0.20000000298023224, 0.6000000238418579], "object_quat": [0.0, 0.0, 0.0, 1.0], "object_scale": 0.4, "handle_origin": [-0.77367, 0.50776, 0.0802], "handle_pos": [0.4464079737663269, -0.17095106840133667, 0.6195324659347534], "joint_pos": [0.47848811745643616, -0.4804190397262573, 0.41642850637435913], "joint_quat": [0.5, -0.49999988079071045, -0.49999985098838806, 0.5], "urdf_conclusion": {"joint_name": "joint_0", "pose_from_parent": [1.0, 0.0, 0.0, 0.7010470000000004, 0.0, 1.0, 0.0, -0.45892809949621766, 0.0, 0.0, 1.0, 0.5537792117459065, 0.0, 0.0, 0.0, 1.0], "axis": [1.0, 0.0, 0.0], "limit": [-0.0, 1.5707963267948966], "joint_type": "revolute"}, "extra_info": {"temp_dof": 0.0}, "true_axis": [2.682209014892578e-07, -1.0, 2.9802322387695312e-08]}}}