{"name": "turn_on_button_7167", "scene": {"actions": [[0.3387257754802704, -0.0494215190410614, 0.658430278301239, 0.26372355222702026, -0.6729545593261719, 0.24159984290599823, -0.6474654078483582], [0.37872573733329773, -0.0494215190410614, 0.658430278301239, 0.26372355222702026, -0.6729545593261719, 0.24159984290599823, -0.6474654078483582], "EXEC", "GRASP", "ANTICLOCKWISE_ROTATE", "ANTICLOCKWISE_ROTATE", "ANTICLOCKWISE_ROTATE", "EXEC"], "robot_state": {"franka_pos": [0.0, 0.0, 0.0], "franka_quat": [0.0, 0.0, 0.0, 1.0], "gripper_pos": [0.3451601564884186, -0.01596532203257084, 0.7513549327850342], "gripper_quat": [0.26372355222702026, -0.6729545593261719, 0.24159984290599823, -0.6474654078483582]}, "observations": {"object_pos": [0.6000000238418579, 0.20000000298023224, 0.699999988079071], "object_quat": [0.0, 0.0, 0.0, 1.0], "object_scale": 0.4, "handle_origin": [-0.00572, 0.0091, -0.02308], "handle_pos": [0.37872573733329773, -0.0494215190410614, 0.658430278301239], "joint_pos": [0.3694937229156494, -0.05170951783657074, 0.6547902822494507], "joint_quat": [0.4999999403953552, -0.5, -0.5, 0.5], "urdf_conclusion": {"joint_name": "joint_1", "pose_from_parent": [1.0, 0.0, 0.0, 0.62927375371293, 0.0, 1.0, 0.0, -0.11302417350872418, 0.0, 0.0, 1.0, 0.5762653086208114, 0.0, 0.0, 0.0, 1.0], "axis": [0.0, 0.0, 1.0], "limit": [0.0, 3.14], "joint_type": "revolute"}, "extra_info": {"temp_dof": 0.0}, "true_axis": [-1.0, 8.940696716308594e-08, 2.9802322387695312e-08]}}}