{"name": "turn_bottle_cap_3558", "scene": {"actions": [[0.5012702941894531, 0.09902209043502808, 0.4455980658531189, 0.9229097366333008, -0.38501596450805664, -0.0006082046893425286, -2.8713575375149958e-05], [0.5012702941894531, 0.09902209043502808, 0.3955981135368347, 0.9229097366333008, -0.38501596450805664, -0.0006082046893425286, -2.8713575375149958e-05], "EXEC", "GRASP", "ANTICLOCKWISE_ROTATE", "ANTICLOCKWISE_ROTATE", "ANTICLOCKWISE_ROTATE", "EXEC"], "robot_state": {"franka_pos": [0.0, 0.0, 0.0], "franka_quat": [0.0, 0.0, 0.0, 1.0], "gripper_pos": [0.5539411306381226, 3.5495457268552855e-05, 0.34668999910354614], "gripper_quat": [0.9229097366333008, -0.38501596450805664, -0.0006082046893425286, -2.8713575375149958e-05]}, "observations": {"object_pos": [0.5, 0.10000000149011612, 0.20000000298023224], "object_quat": [0.0, 0.0, 0.0, 1.0], "object_scale": 0.2, "handle_origin": [0.00142, 0.97799, -0.01233], "handle_pos": [0.5012702941894531, 0.09902209043502808, 0.3955981135368347], "joint_pos": [0.4988042712211609, 0.09930606186389923, 0.2000000923871994], "joint_quat": [0.4999999701976776, -0.5000000596046448, -0.5, 0.5], "urdf_conclusion": {"joint_name": "joint_0", "pose_from_parent": [1.0, 0.0, 0.0, 0.0, 0.0, 1.0, 0.0, 0.0, 0.0, 0.0, 1.0, 0.0, 0.0, 0.0, 0.0, 1.0], "axis": [0.0, 1.0, 0.0], "limit": [0.0, 3.14], "joint_type": "revolute"}, "extra_info": {"temp_dof": 0.0}, "true_axis": [-2.9802322387695312e-08, 1.1920928955078125e-07, 1.0]}}}