{"name": "turn_on_faucet_1053", "scene": {"actions": [[0.4985511004924774, 0.003373128827661276, 0.3911680579185486, 0.9229097366333008, -0.38501596450805664, -0.0006082046893425286, -2.8713575375149958e-05], [0.4985511004924774, 0.003373128827661276, 0.33116811513900757, 0.9229097366333008, -0.38501596450805664, -0.0006082046893425286, -2.8713575375149958e-05], "EXEC", "GRASP", [0.5085511207580566, -0.026626870036125183, 0.33116811513900757, 0.9229097366333008, -0.38501596450805664, -0.0006082046893425286, -2.8713575375149958e-05], "EXEC", [0.5185511112213135, -0.05662686377763748, 0.33116811513900757, 0.9229097366333008, -0.38501596450805664, -0.0006082046893425286, -2.8713575375149958e-05], "EXEC", [0.5285511016845703, -0.07662685960531235, 0.33116811513900757, 0.9229097366333008, -0.38501596450805664, -0.0006082046893425286, -2.8713575375149958e-05], "EXEC"], "robot_state": {"franka_pos": [0.0, 0.0, 0.0], "franka_quat": [0.0, 0.0, 0.0, 1.0], "gripper_pos": [0.5539411306381226, 3.5495457268552855e-05, 0.34668999910354614], "gripper_quat": [0.9229097366333008, -0.38501596450805664, -0.0006082046893425286, -2.8713575375149958e-05]}, "observations": {"object_pos": [0.6000000238418579, 0.0, 0.20000000298023224], "object_quat": [0.0, 0.0, 0.0, 1.0], "object_scale": 0.2, "handle_origin": [-0.01636, 0.65584, 0.6269], "handle_pos": [0.4985511004924774, 0.003373128827661276, 0.33116811513900757], "joint_pos": [0.6239311099052429, 0.00010113173630088568, 0.2000001072883606], "joint_quat": [0.5, -0.5, -0.5, 0.5], "urdf_conclusion": {"joint_name": "joint_0", "pose_from_parent": [1.0, 0.0, 0.0, -0.000505679999685326, 0.0, 1.0, 0.0, 0.0, 0.0, 0.0, 1.0, -0.11965534633700722, 0.0, 0.0, 0.0, 1.0], "axis": [0.0, 1.0, 0.0], "limit": [-1.5707963267948966, 1.5707963267948966], "joint_type": "revolute"}, "extra_info": {"temp_dof": 0.0}, "true_axis": [0.0, 5.960464477539063e-08, 0.9999999403953552]}}}