{"name": "turn_off_faucet_1646", "scene": {"actions": [[0.450358122587204, -0.07591693103313446, 0.3456859588623047, 0.9229097366333008, -0.38501596450805664, -0.0006082046893425286, -2.8713575375149958e-05], [0.450358122587204, -0.07591693103313446, 0.2956860065460205, 0.9229097366333008, -0.38501596450805664, -0.0006082046893425286, -2.8713575375149958e-05], "EXEC", "GRASP", [0.44035813212394714, -0.055916935205459595, 0.2956860065460205, 0.9229097366333008, -0.38501596450805664, -0.0006082046893425286, -2.8713575375149958e-05], [0.4303581416606903, -0.03591693937778473, 0.2956860065460205, 0.9229097366333008, -0.38501596450805664, -0.0006082046893425286, -2.8713575375149958e-05], "EXEC", [0.42035815119743347, -0.005916940048336983, 0.2956860065460205, 0.9229097366333008, -0.38501596450805664, -0.0006082046893425286, -2.8713575375149958e-05], "EXEC"], "robot_state": {"franka_pos": [0.0, 0.0, 0.0], "franka_quat": [0.0, 0.0, 0.0, 1.0], "gripper_pos": [0.5539411306381226, 3.5495457268552855e-05, 0.34668999910354614], "gripper_quat": [0.9229097366333008, -0.38501596450805664, -0.0006082046893425286, -2.8713575375149958e-05]}, "observations": {"object_pos": [0.5, 0.0, 0.20000000298023224], "object_quat": [0.0, 0.0, 0.0, 1.0], "object_scale": 0.2, "handle_origin": [-0.0005, 0.47843, 0.5787], "handle_pos": [0.450358122587204, -0.07591693103313446, 0.2956860065460205], "joint_pos": [0.5370557904243469, 0.0007594982162117958, 0.20000003278255463], "joint_quat": [0.644813060760498, -0.2902003228664398, -0.29020026326179504, 0.6448129415512085], "urdf_conclusion": {"joint_name": "joint_0", "pose_from_parent": [1.0, 0.0, 0.0, -0.0037974999999999953, 0.0, 1.0, 0.0, 0.0, 0.0, 0.0, 1.0, -0.18527898527740908, 0.0, 0.0, 0.0, 1.0], "axis": [0.0, 1.0, 0.0], "limit": [-1.5707963267948966, 1.5707963267948966], "joint_type": "revolute"}, "extra_info": {"temp_dof": 0.7250000238418579}, "true_axis": [-1.1920928955078125e-07, -1.6391277313232422e-07, 1.0]}}}